Sale ID,Product ID,Sales Date,Sales Volume,Revenue Generated
1,25,2023-08-10,6,448.4
2,169,2023-04-21,41,355.71
3,111,2022-10-02,40,445.44
4,91,2022-10-29,66,734.27
5,109,2023-03-17,51,307.7
6,106,2023-01-28,70,123.99
7,120,2022-11-01,61,404.17
8,187,2023-08-17,33,526.94
9,14,2022-12-31,5,906.84
10,173,2023-02-10,97,220.38
11,168,2023-01-27,83,814.12
12,166,2023-09-11,25,982.34
13,26,2023-01-30,37,956.38
14,16,2022-09-14,46,115.48
15,104,2022-10-12,100,491.84
16,187,2023-09-03,7,318.19
17,87,2023-03-11,84,852.6
18,28,2023-09-03,43,360.94
19,64,2023-02-01,35,575.44
20,50,2023-05-19,16,57.57
21,49,2023-04-27,48,240.64
22,138,2023-04-20,56,585.62
23,115,2023-01-18,52,338.71
24,36,2023-08-04,96,641.58
25,109,2023-05-27,57,490.73
26,47,2023-01-16,50,612.11
27,72,2023-02-25,44,518.69
28,119,2023-08-21,24,783.98
29,64,2023-05-23,64,235.65
30,20,2022-10-17,89,905.42
31,114,2023-02-14,64,772.46
32,141,2022-12-04,48,282.87
33,26,2023-08-23,67,56.06
34,13,2023-04-23,35,439.53
35,167,2023-07-30,11,271.35
36,139,2023-06-07,94,379.1
37,4,2022-12-08,55,847.6
38,24,2023-05-07,11,883.34
39,193,2023-08-06,56,953.44
40,61,2022-12-31,78,51.39
41,43,2023-04-16,24,674.44
42,105,2023-03-09,70,856.56
43,125,2022-09-28,38,740.85
44,124,2023-06-15,42,148.75
45,55,2022-12-08,14,553.32
46,103,2023-06-12,11,276.26
47,16,2022-10-03,42,517.43
48,43,2022-11-16,85,106.9
49,98,2022-12-02,38,997.11
50,1,2022-12-16,40,726.07
51,100,2023-04-30,58,138.38
52,68,2023-06-13,78,925.21
53,117,2022-12-06,92,902.42
54,74,2023-08-20,55,543.77
55,109,2023-07-11,22,715.8
56,179,2023-04-29,89,403.87
57,188,2022-09-25,57,975.83
58,143,2023-05-04,45,130.66
59,170,2022-12-13,58,140.8
60,184,2022-09-27,6,176.84
61,125,2023-05-14,94,828.96
62,40,2023-05-07,46,121.09
63,49,2023-08-11,79,589.43
64,76,2023-05-01,56,463.23
65,56,2023-03-02,36,966.01
66,15,2023-03-06,82,274.93
67,149,2023-01-03,8,297.94
68,189,2023-03-18,10,349.26
69,139,2023-05-25,86,810.78
70,16,2023-08-14,82,715.69
71,192,2023-07-12,52,748.59
72,81,2023-09-04,47,352.15
73,15,2022-10-30,66,308.36
74,13,2023-05-15,96,120.95
75,150,2023-05-01,87,242.58
76,123,2023-04-05,21,790.94
77,129,2023-06-17,4,605.47
78,136,2023-06-11,19,197.64
79,41,2023-04-28,78,206.16
80,15,2023-07-28,87,492.75
81,131,2022-10-27,57,436.19
82,21,2023-05-28,5,559.13
83,48,2022-11-01,17,966.4
84,18,2023-07-12,9,247.25
85,153,2022-11-21,31,342.89
86,18,2022-10-06,100,301.76
87,173,2023-06-23,83,163.92
88,61,2023-04-19,47,199.73
89,104,2023-04-11,47,701.75
90,31,2022-12-24,50,835.07
91,146,2022-11-25,73,712.03
92,64,2022-09-30,5,88.31
93,149,2023-07-19,78,844.13
94,153,2022-10-16,20,361.4
95,11,2023-01-27,87,136.65
96,159,2023-03-06,58,285.81
97,21,2023-02-28,48,387.96
98,108,2023-01-19,48,537.79
99,169,2023-07-31,57,693.32
100,150,2023-02-28,98,297.16
101,145,2023-06-01,10,991.14
102,134,2023-03-07,74,79.53
103,81,2023-01-10,18,434.17
104,67,2022-12-11,68,479.59
105,53,2023-08-03,47,760.67
106,172,2022-12-22,51,287.36
107,184,2022-09-15,41,488.94
108,81,2022-10-08,84,813.7
109,62,2023-03-22,36,182.8
110,68,2022-10-06,32,61.36
111,102,2022-10-08,15,838.85
112,34,2022-11-24,4,983.44
113,172,2023-07-19,95,174.18
114,166,2023-06-27,24,832.49
115,77,2023-06-01,64,403.63
116,118,2023-05-02,67,648.78
117,81,2023-06-08,50,662.45
118,193,2023-04-26,72,603.21
119,19,2022-11-20,16,295.88
120,3,2023-03-29,34,822.11
121,118,2022-09-30,100,70.71
122,160,2023-05-05,34,111.25
123,145,2022-12-25,91,907.37
124,26,2023-01-25,58,471.26
125,19,2023-07-30,28,172.35
126,138,2022-11-20,79,909.82
127,55,2023-08-08,37,837.89
128,130,2023-02-06,89,364.97
129,68,2023-02-25,63,90.56
130,34,2022-12-24,26,487.95
131,90,2023-08-20,16,209.59
132,18,2022-12-13,18,595.19
133,63,2023-09-01,10,830.6
134,95,2023-03-18,58,425.25
135,73,2023-01-05,23,78.01
136,41,2023-05-24,92,699.05
137,113,2023-04-21,57,214.17
138,140,2022-12-13,12,253.98
139,181,2023-03-21,88,227.79
140,78,2023-01-14,41,315.86
141,157,2023-02-13,86,889.25
142,168,2023-05-23,45,82.92
143,136,2023-04-29,91,638.22
144,3,2023-05-20,9,283.5
145,171,2023-09-11,71,330.35
146,142,2022-09-20,70,441.39
147,77,2023-05-30,38,573.15
148,170,2023-06-05,39,107.93
149,27,2023-05-18,21,315.79
150,35,2023-06-21,92,180.37
151,68,2023-07-08,91,239.48
152,30,2023-02-16,90,890.42
153,28,2023-01-26,82,549.52
154,191,2022-10-16,23,649.22
155,142,2023-06-16,47,812.06
156,40,2023-06-17,66,805.1
157,70,2023-08-21,29,989.93
158,73,2023-02-15,16,792.82
159,155,2023-02-19,26,391.16
160,54,2023-02-13,18,567.29
161,184,2023-05-12,31,510.45
162,88,2022-10-10,64,917.04
163,53,2023-07-19,4,527.27
164,176,2023-04-20,47,418.96
165,163,2022-10-14,71,220.83
166,68,2023-01-03,74,352.93
167,130,2023-07-29,48,258.07
168,126,2022-09-22,60,900.98
169,65,2023-04-20,71,789.61
170,14,2023-07-07,17,105.66
171,24,2023-05-12,79,991.95
172,163,2023-03-07,12,552.96
173,109,2022-09-23,9,778.5
174,71,2023-03-21,40,999.63
175,12,2022-11-09,51,975.28
176,1,2023-08-23,92,145.13
177,86,2022-12-24,93,674.02
178,198,2023-08-16,62,303.2
179,34,2023-03-17,68,825.47
180,164,2022-12-23,53,921.4
181,68,2023-09-03,99,103.11
182,42,2023-01-23,53,996.57
183,190,2023-08-07,74,258.44
184,114,2023-03-13,10,854.18
185,142,2023-04-10,17,807.52
186,181,2022-11-14,41,387.06
187,110,2023-02-19,83,847.26
188,144,2023-01-07,10,852.96
189,3,2023-01-28,58,217.3
190,29,2023-04-07,60,612.89
191,20,2023-05-31,88,815.9
192,177,2023-01-19,67,712.75
193,39,2023-02-01,45,918.28
194,140,2023-07-06,17,76.8
195,10,2023-09-09,100,715.53
196,95,2022-11-27,71,950.18
197,150,2023-04-28,82,585.43
198,142,2022-11-28,76,584.95
199,38,2023-01-24,24,228.82
200,111,2022-12-26,99,988.61
201,33,2022-11-14,17,887.55
202,11,2023-05-20,56,517.62
203,79,2022-11-29,65,343.6
204,94,2022-10-29,8,515.91
205,11,2023-02-04,16,135.74
206,92,2023-05-26,67,270.99
207,54,2023-06-01,20,257.87
208,175,2023-06-06,39,550.13
209,64,2023-04-18,22,50.65
210,171,2023-06-12,21,922.0
211,27,2023-08-25,42,241.39
212,91,2022-11-29,91,173.97
213,200,2022-09-20,29,731.09
214,144,2023-08-15,45,922.84
215,105,2022-12-22,67,852.07
216,159,2023-02-10,37,357.41
217,192,2023-03-14,11,70.82
218,40,2022-11-13,33,607.28
219,61,2023-04-16,26,921.36
220,42,2023-08-11,82,785.65
221,46,2023-01-10,71,854.16
222,106,2023-08-05,36,867.64
223,7,2023-07-05,17,962.53
224,46,2022-12-20,81,404.91
225,189,2023-04-19,39,944.83
226,86,2023-05-22,79,425.82
227,106,2023-05-07,69,145.98
228,172,2023-08-02,12,336.68
229,189,2023-03-24,65,179.63
230,64,2023-02-12,83,199.63
231,69,2022-11-17,22,951.26
232,41,2022-12-04,76,802.25
233,180,2023-08-13,75,962.63
234,28,2022-10-15,20,666.72
235,98,2022-12-08,22,215.49
236,10,2023-06-07,85,970.31
237,121,2023-02-01,80,708.88
238,57,2023-06-18,93,932.4
239,52,2023-03-01,78,797.64
240,118,2023-08-06,44,262.08
241,90,2023-05-05,73,609.5
242,79,2023-05-28,6,216.58
243,59,2022-09-29,4,341.48
244,58,2023-01-20,11,704.07
245,7,2023-07-09,6,170.98
246,169,2022-11-06,83,742.39
247,50,2023-06-06,99,951.35
248,103,2023-06-13,74,951.26
249,85,2023-03-30,34,422.02
250,72,2023-06-25,84,994.57
251,18,2023-03-28,27,966.92
252,198,2022-10-27,99,80.76
253,72,2023-02-26,74,622.27
254,90,2023-03-30,54,924.99
255,165,2022-12-05,80,969.16
256,131,2023-08-07,82,259.85
257,103,2023-07-09,4,587.27
258,174,2022-12-08,64,939.85
259,138,2023-06-26,81,183.61
260,85,2023-04-09,70,758.08
261,8,2022-12-11,38,276.1
262,30,2023-05-17,83,983.26
263,67,2023-04-29,39,209.49
264,46,2022-11-23,62,891.05
265,149,2023-01-24,32,134.29
266,68,2023-05-07,88,723.52
267,10,2023-02-20,52,657.15
268,28,2023-08-19,39,892.32
269,153,2022-09-26,59,474.3
270,112,2023-02-20,10,301.95
271,89,2022-12-26,89,287.06
272,187,2022-12-31,8,114.41
273,81,2023-05-30,21,293.83
274,112,2022-12-11,57,152.63
275,156,2022-10-01,54,51.22
276,131,2022-12-09,62,416.64
277,30,2023-08-09,60,745.96
278,99,2022-09-22,27,970.65
279,148,2022-10-25,44,890.32
280,49,2023-08-02,78,518.43
281,66,2023-05-05,19,409.78
282,12,2023-06-22,41,568.72
283,182,2022-11-22,92,146.36
284,112,2022-11-09,41,505.51
285,1,2023-06-22,94,870.85
286,134,2023-05-07,45,668.42
287,138,2023-02-18,52,702.8
288,176,2023-06-15,17,204.52
289,185,2023-05-18,98,120.02
290,190,2023-04-21,48,853.47
291,189,2023-08-07,66,330.16
292,172,2023-06-29,72,352.78
293,51,2023-02-20,14,954.08
294,94,2023-04-14,41,120.49
295,111,2023-02-20,31,211.6
296,18,2023-03-23,60,406.68
297,171,2023-01-19,16,745.39
298,85,2023-03-04,35,569.69
299,160,2022-10-31,58,903.22
300,81,2023-02-28,32,138.45
301,170,2023-04-08,19,614.33
302,32,2023-02-25,13,632.96
303,185,2022-12-07,7,508.6
304,77,2023-01-13,38,79.44
305,130,2022-09-27,50,945.32
306,80,2022-10-30,79,206.75
307,171,2023-05-04,54,895.27
308,105,2022-11-22,32,199.25
309,84,2023-06-19,21,146.19
310,104,2022-12-26,42,245.27
311,179,2023-04-10,74,230.49
312,76,2022-12-02,93,712.34
313,142,2023-07-29,41,735.94
314,33,2023-03-05,25,743.48
315,50,2023-05-01,98,302.0
316,108,2022-12-13,21,317.45
317,171,2022-12-14,64,275.67
318,98,2023-02-07,66,97.15
319,174,2023-07-14,60,593.18
320,192,2022-12-29,64,847.86
321,45,2022-11-21,40,195.91
322,158,2023-07-30,64,392.79
323,146,2023-05-03,3,456.23
324,78,2023-03-24,12,329.82
325,104,2023-08-19,51,678.92
326,141,2023-04-16,65,620.2
327,1,2022-12-10,59,239.69
328,78,2023-03-25,31,74.45
329,74,2023-04-19,28,212.29
330,54,2023-03-12,75,327.22
331,111,2023-06-05,46,127.84
332,149,2022-10-11,7,851.58
333,156,2023-05-31,7,342.94
334,168,2023-09-09,37,427.59
335,83,2023-03-13,64,514.64
336,120,2023-02-11,77,677.99
337,114,2023-05-17,84,136.58
338,114,2023-08-03,87,566.92
339,173,2022-11-29,61,225.64
340,55,2023-02-20,37,891.22
341,131,2022-12-25,69,400.93
342,122,2023-01-27,2,473.49
343,189,2022-11-23,14,300.13
344,44,2023-01-16,56,491.81
345,169,2023-03-07,18,264.93
346,22,2023-02-18,34,305.13
347,73,2022-11-04,94,108.56
348,132,2023-04-12,47,764.62
349,170,2023-04-02,98,684.1
350,163,2022-10-30,52,131.42
351,159,2022-10-28,47,376.6
352,86,2022-10-07,6,564.38
353,24,2023-08-08,52,972.17
354,193,2022-12-09,7,610.24
355,61,2023-09-04,73,575.92
356,173,2022-12-26,72,848.76
357,80,2023-06-12,25,827.48
358,58,2023-08-21,47,447.7
359,51,2022-11-14,71,558.74
360,38,2022-12-24,37,873.55
361,7,2023-03-27,10,501.08
362,12,2023-08-19,50,887.57
363,63,2022-10-09,65,502.45
364,122,2022-11-09,58,125.01
365,157,2022-11-02,98,907.64
366,197,2023-01-14,71,728.59
367,19,2022-12-15,36,527.0
368,117,2023-08-05,80,905.43
369,107,2022-11-23,88,810.43
370,162,2022-12-15,79,693.66
371,148,2023-01-26,16,639.26
372,50,2023-08-24,17,164.27
373,184,2023-08-27,13,769.33
374,179,2023-05-11,51,214.24
375,99,2022-11-07,48,985.15
376,127,2023-02-11,44,973.56
377,103,2023-04-24,72,818.04
378,63,2023-06-18,47,169.88
379,38,2022-10-06,97,452.21
380,168,2023-06-23,19,988.87
381,177,2023-04-19,26,463.62
382,2,2022-12-20,78,997.41
383,193,2023-04-13,66,645.86
384,198,2023-03-10,52,842.4
385,28,2022-10-13,65,294.99
386,200,2023-03-01,6,915.26
387,109,2022-11-07,6,918.47
388,57,2023-09-11,5,113.66
389,46,2023-07-09,18,418.69
390,179,2023-05-19,92,427.49
391,133,2023-05-07,43,359.82
392,119,2023-04-01,61,312.39
393,13,2023-05-03,67,485.25
394,143,2022-11-27,59,879.79
395,64,2023-05-06,20,797.22
396,32,2022-09-20,78,641.91
397,117,2023-01-25,66,546.43
398,35,2023-08-31,18,448.61
399,119,2022-12-01,42,443.72
400,171,2023-01-05,79,190.79
401,136,2022-12-31,41,608.54
402,144,2023-04-23,21,770.46
403,153,2023-01-17,51,942.67
404,82,2022-09-18,79,928.68
405,194,2023-08-05,95,584.55
406,114,2023-08-07,39,145.94
407,157,2023-06-28,76,321.79
408,185,2023-07-25,44,558.85
409,130,2023-02-15,65,376.68
410,110,2023-05-11,66,440.35
411,141,2023-06-18,69,413.89
412,115,2023-08-13,63,511.31
413,41,2023-01-19,91,628.51
414,191,2022-11-14,73,85.59
415,122,2022-10-04,39,311.64
416,116,2023-01-05,61,186.66
417,67,2023-08-07,3,628.22
418,193,2023-01-16,48,708.98
419,64,2023-07-25,43,86.84
420,164,2023-08-14,87,895.1
421,71,2022-12-22,15,364.92
422,197,2022-09-14,54,275.7
423,200,2023-06-15,75,758.46
424,134,2022-12-23,40,924.79
425,125,2023-08-22,93,902.18
426,161,2022-10-28,89,69.22
427,62,2023-08-09,81,826.52
428,71,2023-04-28,4,337.9
429,113,2023-02-11,77,316.33
430,20,2022-10-24,61,517.04
431,183,2023-05-16,34,711.37
432,74,2023-06-13,84,143.31
433,61,2023-07-29,100,875.46
434,70,2023-07-01,75,177.67
435,86,2023-08-02,74,975.51
436,82,2023-08-01,30,470.96
437,139,2022-09-27,93,834.53
438,21,2023-07-29,7,305.95
439,36,2022-11-18,75,445.93
440,39,2022-11-13,62,663.28
441,60,2022-11-30,22,228.54
442,99,2023-05-13,68,250.82
443,178,2023-07-31,81,832.77
444,40,2023-08-19,93,753.9
445,181,2022-09-18,80,771.52
446,55,2023-01-19,100,873.83
447,17,2023-03-07,49,829.97
448,107,2023-04-16,19,539.51
449,105,2023-04-03,88,201.02
450,85,2022-09-18,32,345.57
451,139,2023-08-27,5,531.46
452,120,2023-05-06,74,178.87
453,107,2023-04-05,90,858.73
454,16,2023-01-25,15,885.37
455,53,2023-07-27,25,77.5
456,108,2022-10-24,3,233.13
457,100,2023-07-09,57,841.28
458,198,2022-09-29,41,845.13
459,150,2023-04-14,54,287.02
460,179,2023-08-23,20,483.63
461,6,2023-01-21,53,922.13
462,196,2023-02-16,89,719.4
463,148,2022-10-21,27,310.28
464,98,2023-02-01,53,832.33
465,123,2023-05-20,65,529.87
466,2,2023-03-22,100,653.64
467,91,2023-04-03,79,167.68
468,77,2023-08-18,61,79.04
469,193,2023-03-22,95,403.84
470,100,2023-01-10,94,614.34
471,108,2022-12-17,8,218.7
472,138,2023-08-10,91,876.96
473,192,2022-11-14,18,607.54
474,189,2023-08-26,67,382.27
475,140,2022-12-30,27,205.34
476,155,2023-05-28,72,899.77
477,57,2022-10-04,42,761.51
478,125,2023-06-13,85,704.41
479,57,2022-11-27,62,320.82
480,70,2023-04-23,68,417.24
481,112,2022-10-22,49,204.76
482,125,2023-05-07,41,593.65
483,8,2022-09-18,23,966.67
484,100,2023-07-01,59,864.26
485,87,2023-01-03,69,665.01
486,172,2023-05-17,44,693.81
487,174,2023-01-01,70,305.63
488,104,2023-02-04,46,439.03
489,186,2023-06-04,87,69.05
490,43,2023-03-15,99,791.29
491,120,2023-02-20,93,779.19
492,33,2023-07-10,88,58.45
493,160,2023-01-20,83,915.94
494,137,2023-04-23,89,665.0
495,7,2023-02-19,34,621.08
496,101,2023-08-06,79,58.04
497,152,2023-09-03,62,289.77
498,145,2022-12-11,25,814.83
499,170,2022-10-25,32,340.19
500,7,2022-10-25,36,968.67
501,22,2023-05-14,72,660.6
502,165,2022-11-05,39,452.62
503,110,2022-10-09,29,407.65
504,35,2023-08-16,39,381.27
505,119,2023-03-14,99,289.4
506,47,2023-03-24,37,493.36
507,13,2023-07-21,91,693.34
508,67,2023-04-18,27,833.1
509,98,2022-09-19,89,427.29
510,84,2023-02-28,91,147.2
511,55,2022-11-20,63,535.94
512,117,2022-12-20,41,679.24
513,84,2022-11-26,62,851.12
514,87,2023-03-21,45,405.52
515,195,2022-09-25,72,664.98
516,98,2023-01-24,93,628.6
517,72,2022-12-25,36,333.55
518,193,2023-06-01,37,152.7
519,108,2023-06-04,16,110.65
520,65,2023-04-17,74,988.94
521,21,2022-10-08,87,658.57
522,121,2022-10-01,70,868.42
523,5,2023-03-21,49,298.09
524,192,2023-05-12,51,725.54
525,139,2023-03-03,45,897.76
526,14,2023-04-11,99,333.85
527,90,2023-07-03,19,192.43
528,58,2023-08-01,38,777.2
529,167,2023-08-01,6,904.7
530,18,2023-02-19,37,815.16
531,200,2023-06-28,92,812.25
532,167,2023-06-17,11,620.03
533,11,2022-10-02,45,677.5
534,194,2023-09-06,57,696.72
535,8,2022-12-03,84,735.22
536,64,2023-06-29,33,672.63
537,52,2022-12-17,96,997.6
538,6,2022-12-02,62,296.45
539,160,2023-03-14,28,447.64
540,40,2022-09-14,26,418.86
541,62,2023-04-17,69,83.55
542,33,2022-10-01,35,722.67
543,122,2023-09-14,72,593.44
544,172,2023-04-16,90,230.42
545,30,2023-07-14,35,740.22
546,145,2022-11-04,18,261.25
547,56,2023-03-18,14,557.9
548,120,2023-08-01,79,795.65
549,180,2023-03-28,95,911.2
550,66,2023-04-28,76,688.28
551,197,2023-04-20,31,531.95
552,95,2023-03-27,32,853.15
553,43,2023-07-02,7,848.61
554,156,2023-06-13,86,882.67
555,156,2023-01-09,68,222.08
556,192,2023-02-09,29,142.72
557,184,2023-06-06,82,171.55
558,30,2022-10-29,30,295.72
559,200,2023-01-14,7,817.93
560,42,2022-12-22,13,774.77
561,80,2023-09-06,53,223.91
562,28,2023-07-23,43,695.73
563,149,2023-07-04,92,368.85
564,7,2022-10-03,61,134.83
565,80,2023-03-24,13,387.52
566,148,2022-10-16,88,757.0
567,174,2023-03-29,99,341.73
568,97,2023-09-10,18,798.69
569,102,2023-08-23,1,364.75
570,184,2023-04-05,71,297.53
571,51,2023-04-12,21,329.35
572,20,2022-12-02,53,858.65
573,152,2022-10-10,84,497.01
574,177,2023-03-16,61,873.07
575,161,2023-03-16,62,604.4
576,63,2023-03-02,84,947.09
577,27,2023-07-20,26,117.65
578,179,2022-10-16,97,894.95
579,198,2023-02-26,37,525.45
580,78,2023-03-17,42,874.12
581,176,2023-04-04,37,412.59
582,154,2023-08-24,83,333.44
583,31,2023-05-22,8,101.36
584,145,2022-11-30,99,861.53
585,11,2023-08-26,12,180.5
586,89,2023-03-26,84,240.28
587,137,2023-04-23,74,438.73
588,110,2022-09-19,30,590.93
589,170,2022-09-22,69,911.29
590,95,2023-06-16,95,484.69
591,18,2022-10-06,93,350.56
592,130,2022-12-24,5,729.89
593,166,2023-07-22,23,789.99
594,88,2022-10-10,54,513.2
595,4,2023-02-24,23,649.48
596,108,2023-06-29,5,217.98
597,126,2023-04-07,51,652.77
598,28,2023-08-31,64,54.48
599,111,2023-03-28,24,309.85
600,93,2022-12-19,96,773.13
601,163,2023-06-04,38,210.18
602,118,2022-12-20,5,776.26
603,182,2022-12-02,2,515.1
604,40,2023-04-30,39,775.39
605,112,2022-12-14,73,133.64
606,46,2023-01-09,78,633.76
607,188,2022-09-18,14,651.81
608,134,2023-03-10,43,433.22
609,167,2022-09-25,37,967.06
610,70,2023-05-23,59,414.15
611,158,2023-02-12,83,85.84
612,138,2023-04-02,70,239.44
613,199,2022-11-15,68,404.45
614,124,2023-07-20,64,63.37
615,120,2023-08-11,18,356.1
616,112,2022-09-17,65,841.57
617,188,2023-01-21,60,231.05
618,152,2023-06-02,35,692.91
619,69,2023-05-14,25,645.35
620,83,2023-03-17,15,286.38
621,63,2022-10-07,43,708.85
622,23,2023-04-23,21,377.13
623,72,2023-06-13,94,172.48
624,116,2022-10-23,59,414.37
625,63,2023-01-03,83,609.24
626,193,2023-04-05,33,208.67
627,119,2023-01-22,92,832.65
628,146,2023-02-17,24,333.29
629,157,2023-03-25,2,326.29
630,172,2023-02-06,95,741.44
631,98,2022-09-28,44,616.55
632,87,2022-12-08,38,370.94
633,8,2023-06-21,73,893.58
634,127,2023-09-04,87,995.7
635,84,2023-08-24,97,375.6
636,47,2023-04-30,25,906.31
637,125,2022-10-18,23,391.29
638,55,2023-05-15,79,229.0
639,91,2023-03-09,82,950.68
640,67,2022-09-16,52,922.3
641,88,2022-11-28,55,433.22
642,72,2023-07-28,66,267.0
643,153,2022-10-25,42,740.81
644,180,2022-10-27,12,174.65
645,71,2023-05-29,52,747.37
646,143,2023-09-09,86,610.21
647,3,2023-06-26,13,210.54
648,133,2023-04-16,24,398.26
649,49,2023-03-02,18,668.01
650,22,2022-12-24,62,85.5
651,62,2023-03-28,42,882.72
652,185,2022-12-28,32,293.0
653,105,2022-09-27,1,558.0
654,126,2022-10-23,34,96.16
655,143,2023-04-17,50,994.95
656,195,2023-03-10,31,678.87
657,62,2023-06-15,58,670.89
658,177,2022-12-31,97,68.75
659,122,2023-03-06,35,705.26
660,166,2023-03-27,43,445.94
661,183,2023-03-04,39,411.24
662,126,2022-10-25,75,569.92
663,115,2023-02-12,93,500.68
664,5,2023-03-07,74,195.47
665,24,2022-10-07,2,710.43
666,76,2023-01-27,34,648.8
667,57,2023-03-20,84,336.06
668,104,2023-07-06,47,678.58
669,178,2023-07-08,89,679.36
670,63,2022-12-11,31,306.48
671,79,2023-02-25,8,625.35
672,170,2023-03-31,86,180.31
673,149,2023-01-09,16,839.12
674,95,2023-06-12,60,149.67
675,122,2023-03-25,40,732.83
676,142,2023-04-26,21,161.85
677,136,2022-12-29,52,158.31
678,89,2022-12-16,88,150.95
679,109,2022-12-30,65,238.71
680,191,2023-07-27,91,239.76
681,141,2022-12-30,99,299.84
682,85,2022-10-11,40,546.99
683,91,2022-09-28,89,241.59
684,180,2022-11-30,16,718.26
685,117,2023-02-10,82,330.58
686,70,2022-09-20,38,87.44
687,79,2023-09-14,48,521.54
688,65,2023-05-19,79,247.31
689,60,2023-05-19,29,936.47
690,31,2023-03-11,29,364.07
691,185,2022-12-31,18,52.6
692,50,2023-03-04,62,688.05
693,81,2023-05-05,20,911.54
694,31,2023-06-09,59,843.47
695,191,2022-12-09,96,685.57
696,138,2022-09-22,78,191.69
697,196,2023-06-09,48,135.58
698,177,2023-07-29,54,536.12
699,48,2023-06-30,90,737.39
700,50,2023-07-16,71,146.23
701,56,2023-08-20,61,293.1
702,190,2022-10-30,97,269.6
703,124,2023-07-09,69,989.23
704,71,2023-03-26,86,331.22
705,186,2022-10-27,28,491.06
706,151,2023-08-11,98,144.82
707,195,2023-01-04,32,215.97
708,135,2023-07-24,88,87.47
709,153,2022-10-07,97,326.04
710,73,2023-06-04,77,811.52
711,26,2023-05-10,11,347.07
712,50,2022-10-01,68,751.61
713,76,2023-07-11,58,140.25
714,59,2023-09-10,68,770.29
715,93,2023-05-11,91,93.59
716,46,2023-07-04,47,859.4
717,78,2023-04-08,10,680.19
718,4,2023-08-30,73,211.99
719,182,2023-02-16,15,389.65
720,137,2023-06-27,8,465.83
721,33,2022-09-22,71,640.72
722,71,2023-04-02,65,884.55
723,12,2023-03-20,26,138.3
724,14,2022-12-06,74,824.22
725,142,2022-11-14,69,223.73
726,75,2023-06-26,20,430.74
727,179,2022-11-27,22,964.19
728,33,2022-10-02,42,308.24
729,164,2022-10-14,67,416.43
730,193,2023-06-11,57,858.14
731,126,2023-09-14,15,809.9
732,27,2022-09-25,88,666.4
733,4,2023-04-17,27,807.06
734,147,2023-07-03,92,157.4
735,73,2023-07-29,75,711.36
736,121,2023-05-09,63,105.71
737,123,2022-12-27,12,945.34
738,113,2022-11-25,66,201.43
739,88,2022-10-02,58,445.23
740,48,2023-06-21,8,611.21
741,14,2023-01-26,59,812.15
742,65,2023-02-07,17,694.47
743,123,2022-11-29,66,222.2
744,30,2023-03-27,54,410.76
745,17,2023-05-19,59,390.67
746,103,2023-06-25,73,77.38
747,126,2023-06-11,8,700.24
748,19,2022-10-04,72,846.61
749,148,2023-06-01,60,974.77
750,162,2023-08-13,87,174.12
751,176,2023-05-23,40,924.38
752,14,2022-12-25,93,157.29
753,39,2023-03-24,3,440.72
754,39,2022-12-04,51,93.67
755,145,2023-07-25,33,298.53
756,78,2023-06-01,1,348.53
757,22,2023-06-10,96,719.34
758,64,2023-03-23,28,694.03
759,31,2023-06-03,75,779.15
760,143,2023-05-10,10,597.82
761,196,2023-08-11,6,586.76
762,107,2023-05-31,55,979.0
763,156,2023-01-31,45,686.35
764,153,2023-05-25,90,371.39
765,159,2023-05-05,9,546.95
766,58,2023-05-05,70,715.55
767,199,2023-05-01,8,140.48
768,134,2022-09-15,9,678.63
769,98,2023-04-02,61,286.15
770,116,2022-12-08,5,378.46
771,114,2023-01-11,37,692.48
772,77,2022-11-07,53,415.63
773,151,2023-07-23,24,847.08
774,110,2022-12-06,99,580.43
775,79,2023-02-11,18,988.4
776,146,2023-02-28,99,101.84
777,159,2023-05-22,83,661.23
778,16,2022-11-15,94,199.08
779,157,2022-10-02,83,856.4
780,190,2023-08-08,54,859.28
781,26,2023-03-26,48,875.94
782,196,2023-03-25,49,121.12
783,54,2023-09-07,58,517.07
784,161,2023-08-30,49,278.85
785,55,2022-12-18,49,971.64
786,68,2023-05-10,11,97.83
787,170,2022-12-19,88,261.57
788,21,2023-03-29,85,661.15
789,41,2023-08-01,70,433.11
790,62,2023-04-10,18,273.25
791,45,2023-04-27,84,486.14
792,142,2023-03-18,45,811.2
793,20,2023-03-14,16,475.69
794,41,2023-05-04,23,863.76
795,1,2023-04-08,69,474.71
796,105,2023-07-11,51,162.77
797,116,2022-12-15,68,522.5
798,177,2023-06-07,17,670.7
799,153,2023-09-10,94,147.51
800,121,2022-11-05,29,441.72
801,75,2022-10-21,1,579.27
802,9,2023-03-29,97,50.16
803,60,2023-07-08,3,136.35
804,74,2022-09-19,39,623.99
805,181,2023-02-12,60,638.11
806,73,2022-10-04,87,339.37
807,180,2022-10-14,93,532.92
808,117,2023-01-11,70,246.51
809,19,2023-06-26,55,687.9
810,176,2022-12-25,69,952.84
811,60,2022-09-25,49,395.18
812,68,2023-07-10,30,101.56
813,161,2022-12-15,32,261.77
814,151,2023-09-13,59,481.74
815,170,2023-01-05,45,582.14
816,51,2023-03-01,20,638.77
817,109,2022-10-27,36,499.48
818,30,2023-03-30,25,674.31
819,140,2022-10-19,93,730.12
820,58,2023-08-18,98,158.32
821,166,2023-08-02,15,771.35
822,39,2023-03-16,5,260.66
823,69,2023-06-06,85,374.29
824,37,2023-01-17,54,838.39
825,19,2022-12-25,79,966.21
826,16,2023-06-06,99,327.38
827,43,2023-07-05,3,545.89
828,79,2023-08-29,31,716.99
829,153,2022-10-15,27,93.49
830,192,2022-10-06,9,205.95
831,146,2023-02-11,13,183.43
832,74,2023-01-03,77,731.01
833,113,2023-08-16,5,735.48
834,32,2023-01-15,58,151.61
835,120,2023-07-31,77,630.31
836,177,2023-09-03,87,228.17
837,78,2023-01-24,91,933.71
838,180,2022-10-07,7,423.25
839,104,2022-10-29,32,484.19
840,70,2023-06-20,95,792.35
841,129,2023-01-13,6,730.95
842,139,2022-10-18,52,152.38
843,127,2022-10-15,57,443.75
844,113,2022-09-28,30,930.3
845,21,2022-11-08,70,845.59
846,154,2023-05-07,28,609.37
847,11,2023-05-27,97,783.54
848,111,2023-02-14,100,477.98
849,189,2022-12-28,8,675.53
850,83,2023-01-17,18,958.38
851,155,2022-12-17,65,177.9
852,65,2023-03-16,38,523.89
853,7,2023-04-26,30,553.85
854,24,2023-07-22,94,96.14
855,59,2023-01-29,74,938.54
856,173,2023-08-25,41,846.88
857,148,2022-12-13,74,508.79
858,151,2023-06-11,77,532.92
859,6,2023-08-17,99,925.1
860,196,2023-05-11,87,218.34
861,173,2023-07-31,42,599.63
862,69,2023-08-05,31,743.97
863,148,2023-06-22,39,171.96
864,11,2022-10-22,19,418.04
865,196,2022-10-11,85,620.52
866,194,2022-11-12,67,888.56
867,45,2023-08-29,29,528.9
868,121,2023-06-05,53,415.43
869,133,2022-10-30,39,980.53
870,167,2022-10-30,36,920.11
871,114,2022-10-14,8,774.26
872,72,2023-08-21,72,309.92
873,47,2023-08-11,76,965.41
874,150,2023-01-22,95,971.97
875,112,2023-04-29,23,480.2
876,163,2023-08-13,81,176.7
877,126,2023-05-03,87,442.11
878,24,2022-11-28,55,715.01
879,121,2022-10-23,72,761.01
880,90,2022-10-10,64,333.97
881,105,2022-12-03,7,716.42
882,86,2023-03-21,45,867.67
883,83,2023-07-11,83,726.28
884,172,2023-07-19,86,938.74
885,27,2023-06-10,49,650.95
886,42,2023-04-17,68,240.84
887,85,2023-03-04,41,642.96
888,106,2023-02-18,90,326.05
889,178,2023-05-02,54,378.03
890,127,2023-05-24,53,688.76
891,74,2023-02-04,20,982.27
892,170,2023-03-26,39,667.58
893,103,2023-09-05,49,960.41
894,195,2022-12-17,24,528.7
895,141,2023-03-13,97,709.6
896,10,2023-02-27,69,356.26
897,117,2023-03-15,61,159.63
898,23,2023-07-10,31,384.63
899,81,2022-10-04,29,506.35
900,65,2023-09-01,39,592.11
901,83,2023-04-30,91,683.8
902,30,2023-09-12,19,446.6
903,198,2022-09-19,60,760.48
904,104,2022-11-01,8,849.32
905,132,2023-06-18,72,321.63
906,1,2023-01-19,53,854.94
907,169,2022-11-29,54,817.89
908,139,2022-12-11,72,546.59
909,119,2022-10-31,68,74.01
910,106,2023-02-03,18,188.06
911,14,2023-06-28,50,686.74
912,49,2022-10-31,32,239.91
913,133,2023-03-31,33,762.68
914,93,2023-06-09,27,202.89
915,160,2022-10-05,43,322.28
916,194,2023-07-18,83,288.03
917,128,2023-09-07,11,847.41
918,161,2022-10-18,58,706.07
919,114,2023-04-13,48,330.38
920,195,2023-06-22,12,765.91
921,14,2022-12-18,69,80.69
922,53,2023-01-04,93,823.32
923,69,2023-03-09,25,147.36
924,141,2023-08-26,7,874.63
925,34,2023-06-29,35,752.52
926,74,2023-08-08,49,871.6
927,113,2023-02-22,87,755.29
928,179,2023-08-05,78,583.21
929,125,2023-07-01,78,275.72
930,32,2023-02-27,6,795.09
931,8,2023-03-19,10,808.88
932,162,2023-04-15,25,323.26
933,156,2023-07-30,98,681.27
934,62,2023-06-02,76,930.16
935,182,2023-07-26,93,418.18
936,41,2023-08-04,86,958.87
937,80,2023-01-14,72,977.03
938,142,2023-02-20,28,347.02
939,4,2022-11-15,62,574.52
940,142,2022-12-21,27,62.32
941,105,2023-01-06,43,288.77
942,24,2023-05-18,39,639.53
943,58,2023-03-31,2,791.88
944,30,2022-11-15,28,876.61
945,119,2022-12-24,25,838.48
946,31,2023-01-25,95,915.91
947,166,2022-12-29,16,719.4
948,40,2023-06-13,96,665.25
949,128,2023-08-22,97,767.35
950,184,2022-12-22,62,569.28
951,75,2022-12-08,32,623.22
952,131,2023-09-04,90,787.34
953,181,2022-12-04,78,966.08
954,70,2023-05-17,91,329.47
955,107,2023-06-26,27,218.55
956,124,2023-04-22,51,698.53
957,121,2023-09-03,31,227.63
958,63,2023-03-28,71,215.11
959,117,2023-07-14,42,538.15
960,142,2022-12-31,100,408.34
961,38,2023-08-24,37,457.08
962,99,2023-07-05,49,578.77
963,49,2023-02-15,60,173.56
964,154,2023-02-25,69,604.79
965,131,2023-06-24,84,292.27
966,192,2022-12-26,46,364.03
967,35,2023-01-22,40,724.2
968,18,2023-04-22,34,197.07
969,71,2022-11-16,47,196.02
970,198,2023-06-15,66,356.5
971,107,2022-12-25,64,98.31
972,88,2023-08-23,60,935.76
973,130,2023-04-06,13,634.83
974,69,2023-08-26,93,678.8
975,1,2022-10-20,61,516.02
976,73,2023-03-14,98,594.04
977,186,2022-12-12,41,390.18
978,77,2023-04-08,27,794.83
979,151,2022-09-29,48,351.97
980,149,2022-10-28,41,258.96
981,169,2023-05-29,53,224.68
982,126,2023-04-11,6,114.77
983,39,2023-01-16,73,529.88
984,115,2023-03-12,29,445.13
985,138,2023-01-20,95,560.18
986,124,2023-04-25,19,137.35
987,89,2023-08-11,3,260.14
988,86,2023-03-19,34,252.69
989,142,2022-12-17,71,365.29
990,196,2022-12-27,75,392.76
991,140,2023-05-10,75,257.52
992,97,2022-11-09,93,765.02
993,117,2023-07-18,54,553.97
994,83,2023-06-14,38,996.8
995,49,2023-08-29,20,832.5
996,179,2023-08-27,26,982.08
997,62,2023-08-27,43,58.36
998,147,2023-02-15,30,685.49
999,99,2023-01-12,49,473.38
1000,60,2023-04-28,73,909.27
1001,199,2022-09-16,32,633.02
1002,106,2023-05-13,64,640.08
1003,12,2023-04-09,71,960.95
1004,82,2022-09-18,84,698.42
1005,191,2023-06-21,88,354.89
1006,122,2022-11-27,44,920.14
1007,181,2023-07-01,33,947.74
1008,98,2023-06-25,98,416.58
1009,99,2023-05-21,63,563.23
1010,170,2023-06-25,93,318.69
1011,167,2022-11-01,83,915.77
1012,39,2022-11-08,95,831.0
1013,127,2023-02-24,63,406.21
1014,10,2023-07-13,59,812.68
1015,33,2022-10-10,22,473.28
1016,129,2023-05-27,94,91.66
1017,152,2022-12-15,46,903.37
1018,85,2023-08-07,22,232.89
1019,26,2023-04-22,18,538.2
1020,113,2022-10-07,93,950.8
1021,26,2023-08-28,70,209.03
1022,135,2023-06-27,63,958.46
1023,117,2022-10-31,24,561.08
1024,4,2023-06-01,70,56.96
1025,185,2023-04-13,83,112.2
1026,37,2022-12-13,8,686.82
1027,105,2023-02-08,68,784.9
1028,168,2023-01-26,5,871.7
1029,40,2023-05-09,10,453.0
1030,20,2023-02-02,86,148.73
1031,121,2023-06-27,7,560.87
1032,68,2022-11-06,98,717.61
1033,87,2023-05-26,1,977.41
1034,160,2023-05-16,53,786.45
1035,178,2022-10-20,18,664.23
1036,102,2023-06-23,81,942.76
1037,167,2022-10-15,30,759.55
1038,21,2023-06-16,9,196.07
1039,85,2023-07-05,91,486.26
1040,173,2023-04-17,20,365.13
1041,137,2023-05-05,2,133.14
1042,98,2023-02-27,28,101.55
1043,82,2023-08-24,65,804.5
1044,161,2022-10-19,59,580.18
1045,184,2022-11-24,48,596.21
1046,195,2023-06-22,8,266.26
1047,125,2023-08-21,80,295.72
1048,139,2022-11-23,82,418.63
1049,10,2022-10-21,86,648.71
1050,159,2023-08-30,79,461.37
1051,18,2022-11-04,62,66.05
1052,61,2023-06-21,85,689.63
1053,162,2023-02-06,63,558.09
1054,176,2023-01-31,3,659.35
1055,74,2023-09-14,1,637.43
1056,59,2022-11-11,69,768.16
1057,192,2023-02-19,71,606.33
1058,24,2023-08-07,53,715.84
1059,112,2022-11-01,2,118.96
1060,26,2023-01-23,3,931.65
1061,195,2022-12-25,68,150.83
1062,163,2023-07-23,93,797.55
1063,181,2022-10-10,36,336.28
1064,26,2023-08-06,69,132.18
1065,114,2023-08-26,37,777.01
1066,43,2022-12-15,3,465.79
1067,178,2023-01-04,65,425.36
1068,77,2023-01-27,90,677.69
1069,8,2023-02-20,87,500.29
1070,12,2023-04-10,56,556.79
1071,84,2023-09-05,23,179.56
1072,15,2023-05-13,14,421.44
1073,76,2022-12-20,13,807.61
1074,92,2022-10-21,68,568.44
1075,96,2023-08-12,20,962.13
1076,111,2023-07-28,31,186.87
1077,38,2023-03-21,25,693.42
1078,63,2022-11-06,80,918.46
1079,136,2023-04-23,68,805.27
1080,106,2023-05-27,33,742.86
1081,145,2022-11-22,46,404.47
1082,175,2023-04-27,35,951.99
1083,47,2023-06-04,51,575.85
1084,44,2023-02-28,11,577.32
1085,45,2023-04-24,48,167.07
1086,21,2023-01-09,52,54.78
1087,157,2023-02-25,59,616.82
1088,98,2023-02-24,73,560.29
1089,159,2023-04-06,32,949.63
1090,175,2023-09-05,90,339.46
1091,62,2022-10-20,29,760.88
1092,128,2023-06-27,39,908.37
1093,150,2023-05-08,88,376.66
1094,37,2022-10-03,11,442.02
1095,60,2023-08-20,84,663.63
1096,119,2022-12-19,84,536.93
1097,164,2022-11-11,98,202.91
1098,66,2023-05-11,5,259.75
1099,118,2023-06-16,12,843.01
1100,66,2022-10-22,52,234.61
1101,171,2023-01-27,49,222.29
1102,3,2023-09-05,49,809.68
1103,120,2023-01-24,71,859.64
1104,74,2023-07-16,61,858.82
1105,174,2023-04-23,8,935.75
1106,140,2023-03-11,82,994.6
1107,41,2022-11-16,2,488.2
1108,19,2022-11-28,90,572.18
1109,114,2023-05-19,22,326.12
1110,89,2023-04-16,11,113.99
1111,151,2023-07-23,64,143.29
1112,77,2023-03-05,56,739.31
1113,164,2023-01-21,83,512.83
1114,109,2023-05-08,43,364.31
1115,177,2023-02-22,73,171.8
1116,65,2023-06-02,13,672.7
1117,117,2023-06-12,68,145.04
1118,78,2023-08-25,6,638.54
1119,51,2023-07-07,30,905.11
1120,99,2022-10-17,28,351.9
1121,124,2023-06-21,89,478.11
1122,28,2022-12-16,73,635.53
1123,61,2022-10-22,61,340.39
1124,98,2023-06-15,35,604.96
1125,147,2022-09-16,6,587.27
1126,92,2023-02-07,10,396.27
1127,148,2022-11-25,88,350.52
1128,76,2023-02-20,36,456.89
1129,180,2022-11-25,70,54.59
1130,76,2023-08-16,73,283.87
1131,6,2023-08-19,85,260.45
1132,169,2023-07-01,5,752.83
1133,102,2023-07-14,23,464.32
1134,71,2023-02-26,41,848.1
1135,3,2023-05-26,3,177.59
1136,145,2022-11-12,27,746.32
1137,176,2022-10-07,76,883.99
1138,200,2023-02-08,19,489.71
1139,191,2023-04-17,97,390.8
1140,13,2023-07-16,92,340.2
1141,156,2023-04-27,51,574.09
1142,191,2023-08-21,10,216.98
1143,128,2023-09-02,39,626.3
1144,74,2023-07-12,21,849.7
1145,199,2022-11-25,73,865.78
1146,59,2022-10-15,31,183.0
1147,156,2023-01-16,73,561.69
1148,91,2023-05-03,50,300.07
1149,57,2023-02-28,87,892.02
1150,163,2023-01-16,70,122.64
1151,49,2023-06-29,43,121.63
1152,159,2023-05-16,50,67.7
1153,65,2023-03-11,97,531.82
1154,174,2023-04-26,95,79.63
1155,194,2023-06-15,18,602.8
1156,185,2023-07-23,89,434.88
1157,197,2023-08-03,93,610.53
1158,169,2022-09-19,11,910.99
1159,175,2023-09-02,65,574.01
1160,36,2023-06-15,96,566.3
1161,161,2023-07-01,45,998.79
1162,25,2022-12-31,7,498.5
1163,161,2023-02-11,13,786.44
1164,166,2023-01-19,56,397.53
1165,11,2023-01-24,30,262.14
1166,80,2023-02-25,10,783.54
1167,113,2023-06-22,44,746.57
1168,9,2023-07-24,78,326.45
1169,149,2022-09-21,99,491.47
1170,94,2023-07-27,79,534.89
1171,188,2023-08-31,77,426.95
1172,34,2023-04-18,51,527.06
1173,24,2023-02-23,100,679.54
1174,76,2023-09-01,42,855.58
1175,84,2023-03-18,4,816.21
1176,192,2022-10-28,82,633.33
1177,107,2023-08-29,35,207.55
1178,45,2023-05-13,58,538.43
1179,52,2023-05-17,63,473.91
1180,34,2022-11-03,30,220.19
1181,139,2022-09-26,46,951.28
1182,94,2022-10-31,71,676.44
1183,136,2023-02-03,49,969.35
1184,129,2023-04-17,56,749.12
1185,70,2023-05-29,24,509.33
1186,43,2022-10-30,88,390.86
1187,66,2023-08-18,75,257.88
1188,124,2023-06-10,85,513.26
1189,76,2023-04-14,49,109.72
1190,192,2023-08-01,11,400.96
1191,87,2023-05-02,99,90.67
1192,30,2023-05-13,80,246.44
1193,120,2023-08-27,38,912.34
1194,20,2023-06-25,32,393.19
1195,37,2023-07-01,92,496.19
1196,194,2023-03-28,10,481.91
1197,58,2023-05-01,11,94.12
1198,174,2023-02-25,35,981.56
1199,186,2022-11-24,20,357.87
1200,173,2023-09-06,49,718.55
1201,102,2022-11-11,92,545.3
1202,143,2023-01-26,82,838.16
1203,94,2022-11-20,20,843.13
1204,24,2023-06-08,95,300.15
1205,102,2023-01-16,50,567.13
1206,4,2023-06-23,41,215.16
1207,68,2023-01-28,47,670.99
1208,138,2022-10-12,14,397.03
1209,32,2023-08-11,12,670.67
1210,117,2023-05-27,1,843.7
1211,95,2023-02-09,40,540.83
1212,173,2023-01-14,57,407.51
1213,192,2023-08-28,47,911.88
1214,173,2022-09-22,98,540.55
1215,68,2023-06-26,35,385.25
1216,150,2023-07-25,14,874.33
1217,98,2022-12-03,17,512.52
1218,164,2023-06-04,12,508.0
1219,96,2023-03-28,24,624.0
1220,28,2023-08-30,56,526.75
1221,173,2023-01-25,58,182.02
1222,60,2023-05-27,72,207.33
1223,121,2022-11-07,72,123.23
1224,7,2023-06-26,66,661.3
1225,159,2023-04-03,53,250.94
1226,144,2022-09-20,14,227.56
1227,84,2023-07-20,4,394.11
1228,157,2023-01-08,12,731.44
1229,57,2023-01-07,46,162.41
1230,166,2023-03-10,71,268.83
1231,17,2023-04-15,12,820.61
1232,163,2022-09-23,77,734.24
1233,119,2023-06-02,77,507.44
1234,180,2022-12-02,42,504.87
1235,78,2023-03-27,50,250.17
1236,167,2023-01-04,2,203.18
1237,105,2022-12-09,38,841.7
1238,30,2023-08-19,53,71.32
1239,36,2023-03-21,50,90.99
1240,12,2023-07-10,100,594.81
1241,10,2023-03-12,11,203.07
1242,78,2023-01-31,93,648.06
1243,127,2022-11-07,72,87.23
1244,30,2023-04-10,32,593.66
1245,25,2023-01-04,74,103.12
1246,61,2023-08-24,67,295.35
1247,138,2023-03-21,22,221.04
1248,35,2022-12-28,88,960.33
1249,100,2023-01-20,49,619.39
1250,117,2023-06-19,22,585.42
1251,95,2023-02-06,18,67.69
1252,172,2022-09-17,35,733.57
1253,191,2023-04-14,39,678.66
1254,179,2023-05-19,35,319.28
1255,139,2023-08-01,64,131.46
1256,108,2023-04-06,19,476.74
1257,151,2023-08-04,9,993.14
1258,191,2022-10-18,22,873.94
1259,187,2022-10-30,56,212.04
1260,40,2022-12-08,36,838.85
1261,107,2023-05-17,54,620.8
1262,168,2023-04-09,39,804.89
1263,26,2023-05-05,62,829.43
1264,126,2023-05-28,10,222.79
1265,158,2023-01-26,47,676.67
1266,105,2023-07-29,33,301.29
1267,72,2022-09-26,32,737.98
1268,9,2023-07-24,93,375.54
1269,177,2023-06-10,81,480.8
1270,95,2023-07-20,64,611.07
1271,56,2022-11-12,77,268.32
1272,114,2023-02-01,79,416.19
1273,114,2023-04-02,26,153.14
1274,61,2023-06-15,59,242.23
1275,93,2023-05-05,14,866.61
1276,26,2022-11-24,18,529.14
1277,176,2023-06-29,39,448.81
1278,95,2022-12-26,1,192.08
1279,140,2023-07-02,51,141.48
1280,166,2023-01-09,43,502.08
1281,92,2022-12-14,80,634.01
1282,16,2022-09-14,49,87.08
1283,102,2022-11-13,43,794.67
1284,71,2022-09-16,57,528.16
1285,49,2023-01-09,43,161.64
1286,32,2023-06-26,56,508.13
1287,117,2022-11-04,84,173.81
1288,24,2023-05-24,77,623.3
1289,170,2022-10-11,18,836.15
1290,55,2022-10-13,39,902.12
1291,165,2022-10-23,42,786.13
1292,164,2023-07-10,78,666.77
1293,153,2023-06-24,89,545.94
1294,6,2023-03-04,26,401.86
1295,13,2023-04-23,62,91.27
1296,86,2023-03-20,41,553.33
1297,63,2023-08-22,23,268.01
1298,33,2023-01-13,51,812.19
1299,145,2023-08-28,41,800.08
1300,53,2023-07-02,38,412.17
1301,18,2022-10-22,95,609.6
1302,196,2022-12-01,89,754.32
1303,142,2023-01-14,82,773.46
1304,54,2022-09-27,63,711.87
1305,151,2022-12-20,74,142.83
1306,56,2023-01-28,32,177.19
1307,60,2023-09-07,42,503.28
1308,85,2022-09-15,49,270.89
1309,199,2023-03-12,36,866.1
1310,38,2023-08-19,51,319.1
1311,153,2023-09-13,47,882.93
1312,1,2022-12-18,15,438.21
1313,71,2023-09-13,73,229.57
1314,38,2023-02-23,26,723.69
1315,34,2023-02-04,76,799.95
1316,139,2022-11-16,70,599.09
1317,65,2022-12-27,24,161.94
1318,45,2022-10-08,88,56.83
1319,29,2023-02-11,99,671.82
1320,170,2023-03-29,71,703.38
1321,7,2023-05-06,4,350.11
1322,34,2022-10-02,94,394.16
1323,4,2022-09-21,60,197.04
1324,92,2022-10-06,91,669.0
1325,61,2022-12-22,27,290.95
1326,151,2022-11-13,57,862.23
1327,83,2022-09-30,38,452.38
1328,5,2023-01-08,89,397.36
1329,45,2023-01-20,9,311.78
1330,68,2022-12-13,53,696.58
1331,14,2022-10-15,87,767.22
1332,33,2023-04-25,64,442.57
1333,190,2023-01-06,18,794.6
1334,108,2022-12-09,82,508.34
1335,135,2023-02-03,39,401.7
1336,30,2023-01-14,31,577.17
1337,191,2023-02-28,33,291.09
1338,17,2022-09-15,85,341.32
1339,122,2023-03-10,20,377.14
1340,115,2023-07-27,92,720.22
1341,200,2022-11-04,55,748.99
1342,93,2023-02-06,49,862.25
1343,132,2023-05-13,10,676.32
1344,152,2023-01-09,58,760.42
1345,28,2023-05-11,77,474.27
1346,116,2022-11-20,62,714.35
1347,129,2023-06-12,75,203.71
1348,57,2023-03-01,52,253.74
1349,158,2023-08-08,69,430.53
1350,12,2023-06-04,65,371.52
1351,187,2022-09-24,89,573.05
1352,169,2023-02-10,54,712.2
1353,134,2023-04-14,70,721.45
1354,78,2023-02-15,5,202.7
1355,118,2023-04-13,47,966.34
1356,165,2023-03-01,90,55.03
1357,8,2023-03-03,69,136.53
1358,16,2022-12-21,77,188.06
1359,123,2023-09-08,82,929.57
1360,103,2022-11-18,11,463.61
1361,110,2022-10-29,14,110.88
1362,176,2023-05-01,99,260.68
1363,28,2023-01-04,32,126.04
1364,126,2023-01-17,85,85.87
1365,183,2023-09-05,86,415.11
1366,114,2023-06-11,46,985.23
1367,19,2023-04-02,22,633.27
1368,21,2022-12-26,83,544.96
1369,83,2023-06-24,79,726.03
1370,156,2022-09-15,6,617.6
1371,38,2022-12-29,73,948.43
1372,17,2023-01-25,83,829.22
1373,33,2023-03-26,87,658.28
1374,71,2023-03-14,83,467.02
1375,160,2023-08-25,52,241.62
1376,163,2023-08-10,97,674.04
1377,150,2022-10-26,43,813.71
1378,141,2023-02-22,56,321.71
1379,183,2022-12-09,14,81.93
1380,84,2023-07-14,2,619.54
1381,98,2023-02-05,13,540.02
1382,153,2022-09-30,34,270.09
1383,136,2022-11-11,29,211.01
1384,76,2023-01-22,66,84.26
1385,117,2023-06-15,96,277.29
1386,130,2023-08-27,67,50.27
1387,155,2023-08-24,72,199.57
1388,111,2023-08-28,75,996.98
1389,26,2023-01-01,89,790.69
1390,180,2023-01-17,74,385.47
1391,30,2022-09-16,29,425.39
1392,168,2023-09-11,58,606.78
1393,167,2023-09-11,48,541.86
1394,197,2023-02-12,51,750.08
1395,142,2023-03-14,60,115.19
1396,185,2023-05-21,99,135.66
1397,56,2022-10-14,87,320.27
1398,111,2023-05-04,76,838.28
1399,116,2023-07-14,89,919.26
1400,59,2022-12-29,65,380.69
1401,106,2023-07-26,20,965.12
1402,87,2023-02-10,45,312.68
1403,117,2023-02-11,4,626.05
1404,103,2023-09-09,62,234.8
1405,107,2023-05-11,14,933.23
1406,187,2022-10-19,38,596.16
1407,25,2023-05-09,54,298.05
1408,81,2023-06-25,11,436.78
1409,110,2023-06-24,15,151.14
1410,81,2022-10-31,94,118.77
1411,171,2022-11-15,19,329.54
1412,66,2023-06-30,45,949.66
1413,96,2023-08-21,40,812.8
1414,40,2023-03-11,44,958.87
1415,176,2022-10-25,59,882.31
1416,122,2023-07-16,27,822.49
1417,18,2022-09-19,67,596.15
1418,24,2023-05-29,62,709.48
1419,22,2023-04-24,45,967.75
1420,24,2023-07-27,61,585.01
1421,111,2023-09-07,13,781.47
1422,25,2023-06-25,57,769.6
1423,191,2023-07-05,93,963.18
1424,190,2023-03-24,90,485.91
1425,96,2023-02-28,58,487.68
1426,34,2022-10-24,41,607.49
1427,143,2023-07-25,9,75.98
1428,16,2023-05-01,39,160.45
1429,151,2022-10-20,6,114.18
1430,144,2023-03-02,91,651.98
1431,144,2023-03-25,15,994.49
1432,85,2022-11-18,3,693.07
1433,172,2023-08-09,44,268.43
1434,32,2023-07-16,83,349.94
1435,106,2023-03-31,14,957.67
1436,91,2022-12-27,87,540.68
1437,171,2023-04-11,22,59.24
1438,193,2023-01-05,95,840.57
1439,109,2023-05-01,32,285.84
1440,185,2023-04-17,67,138.36
1441,14,2023-01-04,23,690.01
1442,74,2023-07-29,71,830.02
1443,154,2022-12-26,21,122.23
1444,80,2023-03-03,43,934.83
1445,91,2023-02-22,72,502.73
1446,27,2023-03-04,55,385.86
1447,148,2023-03-22,60,899.6
1448,130,2023-03-20,30,305.62
1449,55,2023-01-29,52,949.76
1450,40,2023-07-09,81,698.95
1451,169,2023-08-25,24,914.43
1452,124,2023-08-30,24,524.05
1453,58,2023-04-15,82,239.68
1454,28,2023-04-01,85,748.66
1455,90,2023-01-26,56,879.11
1456,143,2023-06-30,51,246.44
1457,95,2023-03-21,4,242.63
1458,30,2023-03-26,95,287.21
1459,196,2022-11-09,79,637.67
1460,72,2022-10-03,26,198.2
1461,147,2023-05-09,58,151.35
1462,58,2022-11-03,76,924.18
1463,110,2023-08-05,55,692.02
1464,144,2023-07-20,50,680.25
1465,197,2023-02-05,1,633.14
1466,160,2023-04-01,91,776.03
1467,158,2022-11-15,28,564.4
1468,173,2023-04-09,27,90.15
1469,165,2023-08-01,36,508.18
1470,143,2022-10-22,97,639.63
1471,7,2023-04-11,91,517.72
1472,156,2023-02-15,9,986.09
1473,169,2023-02-01,74,902.15
1474,178,2023-05-19,14,875.33
1475,69,2023-08-07,69,516.27
1476,8,2022-11-24,24,985.17
1477,47,2022-10-05,47,920.21
1478,70,2023-08-01,42,316.25
1479,180,2023-01-05,26,260.99
1480,196,2023-03-02,59,597.83
1481,80,2023-08-15,15,101.44
1482,87,2023-06-25,34,809.31
1483,90,2023-02-20,86,504.4
1484,2,2023-05-15,63,563.73
1485,47,2022-11-18,68,527.35
1486,37,2023-03-23,82,424.03
1487,145,2022-10-06,41,702.02
1488,169,2023-01-27,77,216.06
1489,103,2023-01-05,50,977.68
1490,18,2023-06-18,79,713.33
1491,37,2023-07-06,51,487.07
1492,190,2023-06-30,76,704.75
1493,163,2022-11-18,15,61.23
1494,8,2022-11-02,45,250.21
1495,24,2022-10-25,46,601.96
1496,192,2022-10-16,59,359.16
1497,136,2023-02-01,80,632.14
1498,56,2023-02-25,23,296.72
1499,97,2023-04-01,87,571.14
1500,108,2022-12-15,91,275.28
1501,117,2022-12-08,39,497.78
1502,88,2023-01-04,79,632.43
1503,41,2023-01-09,76,397.63
1504,95,2023-06-10,11,523.83
1505,80,2023-01-06,87,250.01
1506,185,2023-01-06,18,715.68
1507,84,2023-04-14,41,403.69
1508,199,2023-03-02,16,861.61
1509,146,2023-06-30,31,315.65
1510,153,2023-01-12,40,220.89
1511,22,2022-11-17,15,174.58
1512,14,2022-11-01,24,597.1
1513,40,2022-11-15,48,267.14
1514,41,2023-04-10,89,144.88
1515,194,2023-07-12,19,306.45
1516,159,2023-03-11,66,274.01
1517,13,2022-09-24,50,460.61
1518,173,2023-09-14,54,411.84
1519,21,2023-07-28,77,188.55
1520,70,2023-05-01,18,961.19
1521,114,2023-06-03,74,192.07
1522,170,2022-11-06,50,815.38
1523,109,2022-11-14,55,217.78
1524,125,2023-08-03,24,524.62
1525,156,2023-02-01,63,995.78
1526,114,2022-12-15,82,856.92
1527,107,2023-07-21,69,541.16
1528,70,2022-11-09,89,734.53
1529,56,2022-11-05,83,796.07
1530,194,2023-08-25,23,335.03
1531,132,2023-02-20,72,584.03
1532,30,2023-01-10,22,589.44
1533,89,2022-10-31,63,428.48
1534,111,2023-03-09,37,706.02
1535,29,2023-07-30,18,107.03
1536,73,2023-06-23,24,823.13
1537,174,2023-08-14,41,502.71
1538,174,2023-05-13,58,648.37
1539,152,2022-12-02,80,477.36
1540,125,2023-07-03,7,367.92
1541,135,2023-04-26,46,392.91
1542,171,2023-06-20,2,582.33
1543,79,2022-11-02,63,935.25
1544,12,2023-07-27,18,294.83
1545,57,2023-02-10,25,68.84
1546,102,2022-11-15,50,165.18
1547,154,2022-12-04,72,874.0
1548,15,2022-12-27,65,964.96
1549,2,2023-07-27,84,239.01
1550,53,2023-06-13,64,597.1
1551,78,2023-03-03,53,666.67
1552,55,2022-10-06,88,215.81
1553,197,2023-05-06,63,791.29
1554,36,2023-02-13,54,387.35
1555,196,2023-09-06,91,689.53
1556,66,2022-10-20,57,513.12
1557,75,2023-08-29,63,749.7
1558,84,2023-06-12,22,895.15
1559,31,2023-01-08,11,412.02
1560,2,2023-04-17,73,322.2
1561,128,2022-11-07,4,650.13
1562,192,2022-12-27,98,187.61
1563,111,2023-08-08,29,209.2
1564,45,2023-04-21,38,817.33
1565,34,2023-02-28,5,370.52
1566,98,2023-09-13,36,649.71
1567,137,2023-03-16,29,593.06
1568,181,2023-06-10,69,856.46
1569,59,2023-01-21,37,117.78
1570,129,2022-10-02,22,203.9
1571,144,2023-04-13,100,266.81
1572,172,2023-02-20,59,351.03
1573,91,2023-03-15,73,326.79
1574,19,2023-04-15,96,304.1
1575,102,2023-03-22,99,662.41
1576,190,2023-04-13,99,307.69
1577,11,2022-10-24,64,472.65
1578,112,2022-10-08,71,869.67
1579,5,2023-07-22,66,395.01
1580,118,2023-05-27,15,607.57
1581,20,2023-05-10,74,967.25
1582,81,2023-02-18,15,443.29
1583,148,2023-04-19,35,224.69
1584,110,2023-04-16,100,71.95
1585,147,2023-06-13,70,741.38
1586,104,2023-04-03,47,678.92
1587,182,2023-08-16,70,943.42
1588,164,2023-02-03,97,715.66
1589,107,2023-05-11,6,126.06
1590,75,2022-12-19,98,208.56
1591,30,2023-02-15,93,147.86
1592,104,2022-10-16,57,110.6
1593,6,2023-09-06,70,884.76
1594,84,2023-07-07,28,571.01
1595,44,2022-10-10,55,75.05
1596,159,2023-04-09,14,427.16
1597,118,2023-05-18,95,776.75
1598,177,2023-05-08,84,129.09
1599,93,2023-04-14,97,299.33
1600,23,2022-11-25,32,197.51
1601,112,2022-11-19,39,672.09
1602,28,2022-11-26,5,891.2
1603,63,2022-10-26,58,343.9
1604,112,2023-02-02,34,285.03
1605,151,2023-09-07,45,319.97
1606,103,2023-02-01,12,645.16
1607,135,2023-08-04,57,174.71
1608,21,2023-02-13,16,846.59
1609,102,2022-10-10,100,77.14
1610,80,2022-11-08,31,680.37
1611,191,2022-09-20,27,867.35
1612,87,2023-05-31,95,358.94
1613,57,2023-03-19,76,502.35
1614,86,2022-10-14,89,976.23
1615,200,2023-08-19,45,563.55
1616,44,2023-06-17,91,308.79
1617,20,2023-01-31,79,472.6
1618,131,2023-02-26,81,971.07
1619,163,2023-06-27,55,712.74
1620,30,2023-04-21,22,218.18
1621,136,2023-03-27,79,617.7
1622,131,2023-06-26,18,649.5
1623,50,2022-11-24,27,654.06
1624,199,2023-04-09,27,585.79
1625,90,2023-05-07,8,547.29
1626,90,2022-09-21,73,657.55
1627,187,2023-07-04,45,344.18
1628,166,2022-10-16,69,379.81
1629,38,2023-03-27,36,562.68
1630,61,2023-01-05,77,814.47
1631,27,2023-01-21,69,469.77
1632,38,2022-11-12,22,397.49
1633,66,2023-05-14,42,296.82
1634,51,2023-03-04,91,338.39
1635,45,2023-07-29,38,50.09
1636,155,2023-05-04,38,824.61
1637,40,2023-06-16,74,855.55
1638,195,2023-07-07,35,376.69
1639,195,2023-02-15,66,495.74
1640,168,2023-02-09,87,57.9
1641,20,2023-05-11,13,925.98
1642,46,2023-02-01,18,949.61
1643,198,2022-10-05,97,503.21
1644,161,2023-01-11,53,58.68
1645,127,2023-01-09,8,458.91
1646,119,2023-05-23,36,328.28
1647,194,2023-08-19,84,269.65
1648,145,2022-12-23,17,56.86
1649,195,2023-03-29,90,404.96
1650,149,2023-03-05,17,441.15
1651,115,2022-12-20,32,582.53
1652,175,2023-09-13,19,425.01
1653,145,2023-03-15,92,205.11
1654,165,2023-06-08,42,750.26
1655,163,2022-11-27,32,420.24
1656,160,2023-03-05,98,409.44
1657,83,2023-07-31,87,299.83
1658,161,2023-08-25,51,451.13
1659,81,2023-05-15,63,277.58
1660,39,2022-10-17,19,776.31
1661,113,2023-05-30,74,914.46
1662,18,2022-12-28,81,817.2
1663,121,2023-01-20,35,700.41
1664,114,2023-08-28,81,320.44
1665,162,2023-05-23,54,755.78
1666,78,2023-05-14,49,818.37
1667,71,2023-08-31,58,442.26
1668,152,2023-02-18,10,860.81
1669,15,2023-09-11,82,223.29
1670,91,2023-05-05,99,325.12
1671,130,2022-11-04,12,655.05
1672,19,2023-09-12,52,636.84
1673,80,2023-07-28,66,308.53
1674,119,2023-04-15,96,641.62
1675,116,2022-11-24,36,228.4
1676,10,2023-03-21,89,68.43
1677,15,2023-08-19,48,97.15
1678,95,2023-07-30,59,558.22
1679,74,2023-03-26,63,226.64
1680,20,2023-09-01,42,147.16
1681,166,2022-12-02,75,305.74
1682,24,2022-12-20,1,729.44
1683,158,2023-01-05,100,740.75
1684,153,2023-05-25,94,271.17
1685,130,2023-03-27,12,193.15
1686,99,2023-08-22,94,518.9
1687,119,2023-06-18,59,374.82
1688,149,2023-05-08,82,346.0
1689,142,2022-10-18,86,809.49
1690,190,2023-01-11,90,998.07
1691,11,2023-07-03,46,490.5
1692,116,2023-08-05,9,801.85
1693,147,2023-05-29,69,363.74
1694,167,2023-08-01,51,851.37
1695,49,2022-10-13,28,954.06
1696,83,2022-10-24,55,103.24
1697,155,2022-11-20,28,786.87
1698,122,2023-02-27,64,117.82
1699,129,2023-07-27,35,496.64
1700,39,2023-05-08,42,232.58
1701,16,2023-03-31,37,849.46
1702,116,2023-03-27,44,826.39
1703,27,2023-04-07,71,836.84
1704,88,2023-01-14,74,165.86
1705,183,2023-08-11,17,779.74
1706,22,2022-11-25,73,286.51
1707,130,2023-02-15,63,782.66
1708,166,2023-06-02,44,470.81
1709,45,2023-05-15,88,750.74
1710,11,2023-05-17,98,81.83
1711,64,2023-04-13,7,487.79
1712,182,2023-07-27,6,782.45
1713,113,2023-03-07,13,545.08
1714,113,2022-12-05,81,983.01
1715,135,2023-05-31,59,499.18
1716,134,2023-03-22,3,697.37
1717,157,2023-08-28,16,346.5
1718,41,2023-07-16,21,356.91
1719,94,2023-05-02,57,647.71
1720,96,2023-01-13,59,90.08
1721,73,2023-01-07,1,940.55
1722,100,2023-05-02,55,544.88
1723,105,2023-03-29,26,290.65
1724,199,2022-12-14,89,656.59
1725,87,2022-11-02,17,238.79
1726,174,2023-02-02,84,893.14
1727,154,2022-10-19,39,870.47
1728,14,2023-04-04,21,256.9
1729,162,2023-01-28,36,157.28
1730,166,2023-05-19,12,651.26
1731,86,2023-04-08,84,358.29
1732,17,2022-10-01,47,208.99
1733,85,2023-05-28,33,312.3
1734,25,2022-10-18,11,163.67
1735,143,2023-09-13,48,799.69
1736,174,2023-05-20,86,58.48
1737,99,2022-12-13,84,89.89
1738,73,2023-08-23,22,794.3
1739,65,2022-11-14,7,501.51
1740,186,2023-06-19,51,616.4
1741,169,2022-09-24,81,402.83
1742,155,2023-06-06,40,135.01
1743,39,2023-06-23,93,199.81
1744,86,2022-12-17,90,136.83
1745,21,2023-06-11,97,637.71
1746,150,2023-04-15,30,934.31
1747,170,2023-03-15,55,997.12
1748,37,2023-04-01,84,643.88
1749,90,2023-07-11,12,106.79
1750,80,2023-06-10,91,662.35
1751,168,2023-06-16,13,716.26
1752,179,2023-04-06,1,801.89
1753,170,2022-10-29,28,169.54
1754,101,2023-08-09,62,271.04
1755,34,2023-02-16,10,982.59
1756,153,2023-02-05,17,799.13
1757,182,2023-02-11,76,768.86
1758,22,2023-08-02,29,815.25
1759,80,2023-05-26,67,466.78
1760,144,2022-12-28,88,233.32
1761,97,2022-11-22,57,704.79
1762,165,2022-10-15,2,390.26
1763,85,2023-08-03,2,178.0
1764,33,2023-04-22,90,903.73
1765,172,2022-11-29,44,511.04
1766,180,2023-01-18,16,465.63
1767,190,2023-01-05,55,329.98
1768,176,2023-06-18,89,712.19
1769,135,2023-01-05,17,230.29
1770,24,2022-12-08,62,227.3
1771,166,2022-10-13,10,380.28
1772,172,2023-04-30,30,745.78
1773,109,2023-07-05,50,311.56
1774,131,2023-03-01,12,839.78
1775,93,2023-09-11,94,918.75
1776,5,2023-07-18,14,576.79
1777,93,2022-10-26,14,115.43
1778,80,2023-01-12,41,197.27
1779,47,2023-06-28,48,330.89
1780,55,2023-03-30,39,300.18
1781,88,2023-06-28,18,398.76
1782,197,2023-07-18,49,50.68
1783,125,2022-09-30,100,656.12
1784,50,2023-08-25,97,410.09
1785,58,2023-04-24,18,226.26
1786,36,2023-08-30,83,67.78
1787,40,2022-10-29,87,863.99
1788,20,2023-04-23,19,787.22
1789,76,2022-10-07,9,276.85
1790,26,2023-01-25,68,734.95
1791,130,2023-07-23,73,675.37
1792,198,2022-10-10,2,562.01
1793,139,2022-09-20,79,418.12
1794,190,2023-03-20,84,547.87
1795,135,2023-01-10,22,522.67
1796,10,2023-01-08,57,573.89
1797,170,2023-07-31,45,632.39
1798,87,2023-06-04,93,356.47
1799,197,2023-09-02,28,658.86
1800,159,2022-12-17,81,154.94
1801,34,2023-06-08,96,547.04
1802,153,2023-04-10,20,113.35
1803,97,2022-11-24,53,843.43
1804,40,2022-12-18,79,173.29
1805,42,2023-06-24,88,879.82
1806,47,2023-05-22,57,241.98
1807,178,2023-04-18,28,511.1
1808,198,2023-06-10,12,143.82
1809,160,2022-10-03,13,592.46
1810,43,2023-06-19,18,844.48
1811,185,2023-07-24,97,675.03
1812,113,2022-10-12,16,549.53
1813,12,2023-06-10,76,716.25
1814,106,2023-01-15,94,293.14
1815,94,2023-05-15,50,398.04
1816,174,2022-12-07,45,625.66
1817,185,2023-07-09,55,117.33
1818,61,2023-07-24,41,933.7
1819,114,2023-05-28,18,248.3
1820,157,2023-01-27,32,516.84
1821,73,2023-08-12,36,895.28
1822,193,2022-12-26,83,125.96
1823,192,2023-07-18,11,810.97
1824,115,2022-10-25,32,107.67
1825,60,2023-05-05,71,580.12
1826,137,2023-09-11,77,941.33
1827,62,2023-01-17,77,445.16
1828,80,2023-05-13,93,400.62
1829,121,2023-03-04,78,723.01
1830,50,2023-08-22,37,832.46
1831,95,2022-11-18,100,302.52
1832,174,2023-02-22,89,88.62
1833,147,2023-01-08,4,116.87
1834,113,2023-05-06,85,338.71
1835,119,2022-10-01,39,947.37
1836,197,2022-12-07,27,962.56
1837,73,2023-05-20,67,142.26
1838,200,2022-11-02,78,738.91
1839,98,2023-03-25,66,555.08
1840,129,2023-06-25,25,229.99
1841,136,2022-10-05,96,549.88
1842,108,2023-06-28,51,286.32
1843,42,2023-07-21,38,644.06
1844,52,2023-02-11,83,219.95
1845,155,2022-09-22,7,761.73
1846,36,2023-08-27,31,444.43
1847,65,2023-08-14,64,150.24
1848,14,2023-04-16,50,656.69
1849,165,2023-05-23,15,390.07
1850,124,2023-02-15,31,485.78
1851,96,2023-06-26,64,681.98
1852,142,2023-05-30,82,888.68
1853,27,2023-04-24,77,208.47
1854,183,2023-06-18,10,221.38
1855,133,2022-11-27,68,431.48
1856,32,2023-06-28,2,370.64
1857,73,2022-10-11,47,200.27
1858,22,2023-04-06,41,998.51
1859,196,2023-08-06,17,470.86
1860,42,2022-11-16,50,384.71
1861,70,2023-04-08,73,349.4
1862,116,2023-08-03,54,991.89
1863,132,2023-06-07,47,358.42
1864,38,2023-01-22,70,403.13
1865,112,2023-09-03,88,775.98
1866,24,2023-06-10,23,459.06
1867,57,2023-02-18,98,739.57
1868,116,2023-03-15,61,627.99
1869,90,2022-10-24,99,584.99
1870,7,2022-10-06,10,253.23
1871,107,2022-10-11,3,777.42
1872,14,2023-03-28,76,929.84
1873,102,2023-05-06,9,291.38
1874,129,2023-04-17,2,963.57
1875,96,2023-04-07,34,475.12
1876,61,2023-02-05,28,427.24
1877,99,2023-06-21,6,740.0
1878,21,2023-09-01,8,983.81
1879,96,2023-04-23,51,615.97
1880,58,2023-08-25,65,541.73
1881,8,2023-01-27,37,993.74
1882,82,2022-11-18,81,336.75
1883,26,2023-07-21,92,335.32
1884,183,2022-12-20,65,260.79
1885,167,2023-02-16,99,862.93
1886,86,2022-11-11,54,70.62
1887,38,2022-09-18,55,830.84
1888,36,2023-06-01,90,705.23
1889,10,2022-09-18,52,312.16
1890,74,2023-08-16,11,575.98
1891,121,2022-09-24,82,578.51
1892,179,2023-03-04,69,929.63
1893,36,2023-06-13,69,196.98
1894,195,2022-12-21,79,85.85
1895,181,2023-04-20,20,387.87
1896,121,2022-11-16,36,181.49
1897,115,2023-07-17,11,398.73
1898,158,2023-08-01,40,603.05
1899,2,2022-10-10,11,271.34
1900,21,2023-08-17,66,820.52
1901,5,2023-05-29,27,137.31
1902,66,2023-06-09,20,429.81
1903,56,2023-04-28,69,921.99
1904,39,2023-08-14,42,747.55
1905,141,2023-07-19,51,737.4
1906,187,2022-12-23,76,803.26
1907,156,2023-03-21,82,214.26
1908,136,2023-04-13,98,834.42
1909,109,2023-05-21,84,705.12
1910,29,2023-04-03,88,597.42
1911,199,2023-01-15,83,912.27
1912,74,2022-11-14,9,615.47
1913,61,2023-01-12,40,335.37
1914,78,2022-12-30,90,744.25
1915,32,2023-07-26,56,597.47
1916,13,2023-08-10,94,124.55
1917,62,2023-07-31,31,103.13
1918,108,2022-10-11,8,782.36
1919,164,2022-11-03,32,380.53
1920,160,2023-05-12,12,826.28
1921,118,2023-01-24,56,445.7
1922,17,2023-02-26,15,874.44
1923,29,2023-03-26,59,876.3
1924,128,2023-09-09,79,265.38
1925,153,2023-02-05,78,670.14
1926,138,2023-08-21,8,622.19
1927,5,2023-06-05,40,60.86
1928,162,2022-10-19,86,788.55
1929,132,2023-02-03,95,413.36
1930,148,2023-07-03,85,339.54
1931,62,2022-12-30,95,89.12
1932,184,2023-04-02,23,562.93
1933,37,2022-11-05,16,192.1
1934,75,2023-05-18,2,527.28
1935,110,2023-06-17,91,259.76
1936,1,2022-12-10,18,97.99
1937,158,2023-05-02,90,745.0
1938,91,2022-11-16,2,423.24
1939,62,2023-01-02,21,473.34
1940,147,2023-08-20,64,615.38
1941,107,2022-11-11,45,529.49
1942,48,2023-01-03,67,260.98
1943,171,2023-05-13,67,325.29
1944,172,2023-02-26,93,424.61
1945,22,2023-02-23,34,175.58
1946,135,2023-01-03,22,128.42
1947,93,2023-06-18,48,592.87
1948,18,2023-03-17,17,96.85
1949,135,2023-08-01,96,429.23
1950,140,2022-11-28,100,130.83
1951,130,2023-07-29,35,526.73
1952,130,2022-11-26,94,785.13
1953,142,2023-08-23,16,173.86
1954,6,2023-01-11,99,178.13
1955,100,2022-12-05,4,581.33
1956,121,2022-10-24,43,513.47
1957,12,2022-11-03,55,669.64
1958,163,2022-11-10,35,236.29
1959,100,2023-08-28,68,635.2
1960,96,2023-07-05,9,748.88
1961,65,2023-03-18,34,283.93
1962,192,2023-02-12,92,118.06
1963,5,2023-04-09,74,787.93
1964,92,2023-05-20,81,357.24
1965,18,2023-04-21,10,927.93
1966,89,2023-07-13,64,135.11
1967,62,2022-12-02,59,688.16
1968,188,2022-12-05,66,452.36
1969,169,2023-05-18,47,380.89
1970,161,2023-05-18,8,354.7
1971,27,2023-09-14,64,614.18
1972,198,2023-05-11,73,73.0
1973,149,2023-03-09,22,339.58
1974,189,2022-12-23,48,988.27
1975,194,2023-08-19,21,635.41
1976,86,2022-10-30,33,990.65
1977,35,2023-08-27,99,470.1
1978,12,2022-12-15,14,188.53
1979,91,2023-04-25,74,92.63
1980,140,2023-04-15,87,827.26
1981,87,2023-01-21,93,239.7
1982,165,2022-11-08,15,405.13
1983,45,2023-03-25,30,769.85
1984,200,2023-08-08,95,860.13
1985,176,2023-01-11,66,156.75
1986,119,2023-07-26,1,101.81
1987,179,2023-04-23,6,951.49
1988,123,2023-05-17,2,930.39
1989,162,2023-02-13,32,875.31
1990,47,2023-04-02,6,829.13
1991,35,2022-12-21,61,63.05
1992,17,2022-11-05,47,709.11
1993,184,2023-03-10,50,155.71
1994,199,2023-06-06,20,477.56
1995,118,2022-10-04,23,71.61
1996,10,2023-09-12,5,248.56
1997,76,2022-11-26,71,561.11
1998,52,2023-07-02,92,243.61
1999,12,2023-03-09,95,547.1
2000,52,2023-04-19,84,295.73
